"Designator","Device","Footprint","Mid X","Mid Y","Ref X","Ref Y","Pad X","Pad Y","Pins","Layer","Rotation","SMD","Comment","Name"
"D1","1N4148W_C917030","SOD-123_L2.8-W1.8-LS3.7-RD-1","60mm","-25mm","60mm","-25mm","58.803mm","-26.197mm","2","B","45","Yes","1N4148W","1N4148W"
"D2","1N4148W_C917030","SOD-123_L2.8-W1.8-LS3.7-RD-1","79mm","-25mm","79mm","-25mm","77.803mm","-26.197mm","2","B","45","Yes","1N4148W","1N4148W"
"D3","1N4148W_C917030","SOD-123_L2.8-W1.8-LS3.7-RD-1","98mm","-25mm","98mm","-25mm","96.803mm","-26.197mm","2","B","45","Yes","1N4148W","1N4148W"
"D4","1N4148W_C917030","SOD-123_L2.8-W1.8-LS3.7-RD-1","117mm","-25mm","117mm","-25mm","115.803mm","-26.197mm","2","B","45","Yes","1N4148W","1N4148W"
"D5","1N4148W_C917030","SOD-123_L2.8-W1.8-LS3.7-RD-1","60mm","-44mm","60mm","-44mm","58.803mm","-45.197mm","2","B","45","Yes","1N4148W","1N4148W"
"D6","1N4148W_C917030","SOD-123_L2.8-W1.8-LS3.7-RD-1","79mm","-44mm","79mm","-44mm","77.803mm","-45.197mm","2","B","45","Yes","1N4148W","1N4148W"
"D7","1N4148W_C917030","SOD-123_L2.8-W1.8-LS3.7-RD-1","98mm","-44mm","98mm","-44mm","96.803mm","-45.197mm","2","B","45","Yes","1N4148W","1N4148W"
"D8","1N4148W_C917030","SOD-123_L2.8-W1.8-LS3.7-RD-1","117mm","-44mm","117mm","-44mm","115.803mm","-45.197mm","2","B","45","Yes","1N4148W","1N4148W"
"D9","1N4148W_C917030","SOD-123_L2.8-W1.8-LS3.7-RD-1","60mm","-63mm","60mm","-63mm","58.803mm","-64.197mm","2","B","45","Yes","1N4148W","1N4148W"
"D10","1N4148W_C917030","SOD-123_L2.8-W1.8-LS3.7-RD-1","79mm","-63mm","79mm","-63mm","77.803mm","-64.197mm","2","B","45","Yes","1N4148W","1N4148W"
"D11","1N4148W_C917030","SOD-123_L2.8-W1.8-LS3.7-RD-1","98mm","-63mm","98mm","-63mm","96.803mm","-64.197mm","2","B","45","Yes","1N4148W","1N4148W"
"D12","1N4148W_C917030","SOD-123_L2.8-W1.8-LS3.7-RD-1","117mm","-63mm","117mm","-63mm","115.803mm","-64.197mm","2","B","45","Yes","1N4148W","1N4148W"
"S1","CHERRY_CHERRY_MX_","CHERRY_MX","58.015mm","-15.74mm","58.65mm","-19.55mm","54.84mm","-17.01mm","2","T","0","No","CHERRY_CHERRY_MX_","CHERRY_CHERRY_MX_"
"S2","CHERRY_CHERRY_MX_","CHERRY_MX","77.065mm","-15.74mm","77.7mm","-19.55mm","73.89mm","-17.01mm","2","T","0","No","CHERRY_CHERRY_MX_","CHERRY_CHERRY_MX_"
"S3","CHERRY_CHERRY_MX_","CHERRY_MX","96.115mm","-15.74mm","96.75mm","-19.55mm","92.94mm","-17.01mm","2","T","0","No","CHERRY_CHERRY_MX_","CHERRY_CHERRY_MX_"
"S4","CHERRY_CHERRY_MX_","CHERRY_MX","115.165mm","-15.74mm","115.8mm","-19.55mm","111.99mm","-17.01mm","2","T","0","No","CHERRY_CHERRY_MX_","CHERRY_CHERRY_MX_"
"S5","CHERRY_CHERRY_MX_","CHERRY_MX","58.015mm","-34.79mm","58.65mm","-38.6mm","54.84mm","-36.06mm","2","T","0","No","CHERRY_CHERRY_MX_","CHERRY_CHERRY_MX_"
"S6","CHERRY_CHERRY_MX_","CHERRY_MX","77.065mm","-34.79mm","77.7mm","-38.6mm","73.89mm","-36.06mm","2","T","0","No","CHERRY_CHERRY_MX_","CHERRY_CHERRY_MX_"
"S7","CHERRY_CHERRY_MX_","CHERRY_MX","96.115mm","-34.79mm","96.75mm","-38.6mm","92.94mm","-36.06mm","2","T","0","No","CHERRY_CHERRY_MX_","CHERRY_CHERRY_MX_"
"S8","CHERRY_CHERRY_MX_","CHERRY_MX","115.165mm","-34.79mm","115.8mm","-38.6mm","111.99mm","-36.06mm","2","T","0","No","CHERRY_CHERRY_MX_","CHERRY_CHERRY_MX_"
"S9","CHERRY_CHERRY_MX_","CHERRY_MX","58.015mm","-53.84mm","58.65mm","-57.65mm","54.84mm","-55.11mm","2","T","0","No","CHERRY_CHERRY_MX_","CHERRY_CHERRY_MX_"
"S10","CHERRY_CHERRY_MX_","CHERRY_MX","77.065mm","-53.84mm","77.7mm","-57.65mm","73.89mm","-55.11mm","2","T","0","No","CHERRY_CHERRY_MX_","CHERRY_CHERRY_MX_"
"S11","CHERRY_CHERRY_MX_","CHERRY_MX","96.115mm","-53.84mm","96.75mm","-57.65mm","92.94mm","-55.11mm","2","T","0","No","CHERRY_CHERRY_MX_","CHERRY_CHERRY_MX_"
"S12","CHERRY_CHERRY_MX_","CHERRY_MX","115.165mm","-53.84mm","115.8mm","-57.65mm","111.99mm","-55.11mm","2","T","0","No","CHERRY_CHERRY_MX_","CHERRY_CHERRY_MX_"
"XIAO-RP2040","XIAO-RP2040-DIP","XIAO-RP2040-DIP","37.5mm","-14.25mm","37.5mm","-14.25mm","29.88mm","-6.63mm","28","T","0","No","XIAO-RP2040-DIP","XIAO-RP2040-DIP"
"SCREW2","Screw-Hole-M2","Screw-Hole-M2","127mm","-6.5mm","127mm","-6.5mm","127mm","-6.5mm","1","T","0","No","Screw-Hole-M2","Screw-Hole-M2"
"SCREW3","Screw-Hole-M2","Screw-Hole-M2","127mm","-70.5mm","127mm","-70.5mm","127mm","-70.5mm","1","T","0","No","Screw-Hole-M2","Screw-Hole-M2"
"SCREW4","Screw-Hole-M2","Screw-Hole-M2","23mm","-70.5mm","23mm","-70.5mm","23mm","-70.5mm","1","T","0","No","Screw-Hole-M2","Screw-Hole-M2"
"SCREW4","Screw-Hole-M2","Screw-Hole-M2","23mm","-6.5mm","23mm","-6.5mm","23mm","-6.5mm","1","T","0","No","Screw-Hole-M2","Screw-Hole-M2"
